sample-1.mp4,files,video/mp4
sample-1.mp4,files,video/mp4
sample-1.mp4,files,video/mp4
sample-1.mp4,files,video/mp4
sample-1.mp4,files,video/mp4
sample-1.mp4,files,video/mp4
sample-1.mp4,files,video/mp4
sample-1.mp4,files,video/mp4
sample-1.mp4,files,video/mp4
sample-1.mp4,files,video/mp4
sample-1.mp4,files,video/mp4
sample-1.mp4,files,video/mp4
sample-1.mp4,files,video/mp4
sample-1.mp4,files,video/mp4
sample-1.mp4,files,video/mp4
sample-1.mp4,files,video/mp4
sample-1.mp4,files,video/mp4
sample-1.mp4,files,video/mp4
sample-1.mp4,files,video/mp4
sample-1.mp4,files,video/mp4
sample-1.mp4,files,video/mp4
sample-1.mp4,files,video/mp4
sample-1.mp4,files,video/mp4
sample-1.mp4,files,video/mp4
sample-1.mp4,files,video/mp4
sample-1.mp4,files,video/mp4
sample-1.mp4,files,video/mp4
sample-1.mp4,files,video/mp4
sample-1.mp4,files,video/mp4
sample-1.mp4,files,video/mp4
sample-1.mp4,files,video/mp4
sample-1.mp4,files,video/mp4
sample-1.mp4,files,video/mp4
sample-1.mp4,files,video/mp4
sample-1.mp4,files,video/mp4
sample-1.mp4,files,video/mp4
sample-1.mp4,files,video/mp4
sample-1.mp4,files,video/mp4
sample-1.mp4,files,video/mp4
sample-1.mp4,files,video/mp4
sample-1.mp4,files,video/mp4
sample-1.mp4,files,video/mp4
sample-1.mp4,files,video/mp4
sample-1.mp4,files,video/mp4
sample-1.mp4,files,video/mp4
sample-1.mp4,files,video/mp4
sample-1.mp4,files,video/mp4
sample-1.mp4,files,video/mp4
sample-1.mp4,files,video/mp4
sample-1.mp4,files,video/mp4
sample-1.mp4,files,video/mp4
sample-1.mp4,files,video/mp4
sample-1.mp4,files,video/mp4
sample-1.mp4,files,video/mp4
sample-1.mp4,files,video/mp4
sample-1.mp4,files,video/mp4
sample-1.mp4,files,video/mp4
sample-1.mp4,files,video/mp4
sample-1.mp4,files,video/mp4
sample-1.mp4,files,video/mp4
sample-1.mp4,files,video/mp4
sample-1.mp4,files,video/mp4
sample-1.mp4,files,video/mp4
sample-1.mp4,files,video/mp4
sample-1.mp4,files,video/mp4
sample-1.mp4,files,video/mp4
sample-1.mp4,files,video/mp4
sample-1.mp4,files,video/mp4
sample-1.mp4,files,video/mp4
sample-1.mp4,files,video/mp4
sample-1.mp4,files,video/mp4
sample-1.mp4,files,video/mp4
sample-1.mp4,files,video/mp4
sample-1.mp4,files,video/mp4
sample-1.mp4,files,video/mp4
sample-1.mp4,files,video/mp4
sample-1.mp4,files,video/mp4
sample-1.mp4,files,video/mp4
sample-1.mp4,files,video/mp4
sample-1.mp4,files,video/mp4
sample-1.mp4,files,video/mp4
sample-1.mp4,files,video/mp4
sample-1.mp4,files,video/mp4
sample-1.mp4,files,video/mp4
sample-1.mp4,files,video/mp4
sample-1.mp4,files,video/mp4
sample-1.mp4,files,video/mp4
sample-1.mp4,files,video/mp4
sample-1.mp4,files,video/mp4
sample-1.mp4,files,video/mp4
sample-1.mp4,files,video/mp4
sample-1.mp4,files,video/mp4
sample-1.mp4,files,video/mp4
sample-1.mp4,files,video/mp4
sample-1.mp4,files,video/mp4
sample-1.mp4,files,video/mp4
sample-1.mp4,files,video/mp4
sample-1.mp4,files,video/mp4
sample-1.mp4,files,video/mp4
sample-1.mp4,files,video/mp4
sample-1.mp4,files,video/mp4
sample-1.mp4,files,video/mp4
sample-1.mp4,files,video/mp4
sample-1.mp4,files,video/mp4
sample-1.mp4,files,video/mp4
sample-1.mp4,files,video/mp4
sample-1.mp4,files,video/mp4
sample-1.mp4,files,video/mp4
sample-1.mp4,files,video/mp4
sample-1.mp4,files,video/mp4
sample-1.mp4,files,video/mp4
sample-1.mp4,files,video/mp4
sample-1.mp4,files,video/mp4
sample-1.mp4,files,video/mp4
sample-1.mp4,files,video/mp4
sample-1.mp4,files,video/mp4
sample-1.mp4,files,video/mp4
sample-1.mp4,files,video/mp4
sample-1.mp4,files,video/mp4
sample-1.mp4,files,video/mp4
sample-1.mp4,files,video/mp4
sample-1.mp4,files,video/mp4
sample-1.mp4,files,video/mp4
sample-1.mp4,files,video/mp4
sample-1.mp4,files,video/mp4
sample-1.mp4,files,video/mp4
sample-1.mp4,files,video/mp4
sample-1.mp4,files,video/mp4
sample-1.mp4,files,video/mp4
sample-1.mp4,files,video/mp4
sample-1.mp4,files,video/mp4
sample-1.mp4,files,video/mp4
sample-1.mp4,files,video/mp4
sample-1.mp4,files,video/mp4
sample-1.mp4,files,video/mp4
sample-1.mp4,files,video/mp4
sample-1.mp4,files,video/mp4
sample-1.mp4,files,video/mp4
sample-1.mp4,files,video/mp4
sample-1.mp4,files,video/mp4
sample-1.mp4,files,video/mp4
sample-1.mp4,files,video/mp4
sample-1.mp4,files,video/mp4
sample-1.mp4,files,video/mp4
sample-1.mp4,files,video/mp4
sample-1.mp4,files,video/mp4
sample-1.mp4,files,video/mp4
sample-1.mp4,files,video/mp4
sample-1.mp4,files,video/mp4
sample-1.mp4,files,video/mp4
sample-1.mp4,files,video/mp4
sample-1.mp4,files,video/mp4
sample-1.mp4,files,video/mp4
sample-1.mp4,files,video/mp4
sample-1.mp4,files,video/mp4
sample-1.mp4,files,video/mp4
sample-1.mp4,files,video/mp4
sample-1.mp4,files,video/mp4
sample-1.mp4,files,video/mp4
sample-1.mp4,files,video/mp4
sample-1.mp4,files,video/mp4
sample-1.mp4,files,video/mp4
sample-1.mp4,files,video/mp4
sample-1.mp4,files,video/mp4
sample-1.mp4,files,video/mp4
sample-1.mp4,files,video/mp4
sample-1.mp4,files,video/mp4
sample-1.mp4,files,video/mp4
sample-1.mp4,files,video/mp4
sample-1.mp4,files,video/mp4
sample-1.mp4,files,video/mp4
sample-1.mp4,files,video/mp4
sample-1.mp4,files,video/mp4
sample-1.mp4,files,video/mp4
sample-1.mp4,files,video/mp4
sample-1.mp4,files,video/mp4
sample-1.mp4,files,video/mp4
sample-1.mp4,files,video/mp4
sample-1.mp4,files,video/mp4
sample-1.mp4,files,video/mp4
sample-1.mp4,files,video/mp4
sample-1.mp4,files,video/mp4
sample-1.mp4,files,video/mp4
sample-1.mp4,files,video/mp4
sample-1.mp4,files,video/mp4
sample-1.mp4,files,video/mp4
sample-1.mp4,files,video/mp4
sample-1.mp4,files,video/mp4
sample-1.mp4,files,video/mp4
sample-1.mp4,files,video/mp4
sample-1.mp4,files,video/mp4
sample-1.mp4,files,video/mp4
sample-1.mp4,files,video/mp4
sample-1.mp4,files,video/mp4
sample-1.mp4,files,video/mp4
sample-1.mp4,files,video/mp4
sample-1.mp4,files,video/mp4
sample-1.mp4,files,video/mp4
sample-1.mp4,files,video/mp4
sample-1.mp4,files,video/mp4
sample-1.mp4,files,video/mp4
sample-1.mp4,files,video/mp4
sample-1.mp4,files,video/mp4
sample-1.mp4,files,video/mp4
sample-1.mp4,files,video/mp4
sample-1.mp4,files,video/mp4
sample-1.mp4,files,video/mp4
sample-1.mp4,files,video/mp4
sample-1.mp4,files,video/mp4
sample-1.mp4,files,video/mp4
sample-1.mp4,files,video/mp4
sample-1.mp4,files,video/mp4
sample-1.mp4,files,video/mp4
sample-1.mp4,files,video/mp4
sample-1.mp4,files,video/mp4
sample-1.mp4,files,video/mp4
sample-1.mp4,files,video/mp4
sample-1.mp4,files,video/mp4
sample-1.mp4,files,video/mp4
sample-1.mp4,files,video/mp4
sample-1.mp4,files,video/mp4
sample-1.mp4,files,video/mp4
sample-1.mp4,files,video/mp4
sample-1.mp4,files,video/mp4
sample-1.mp4,files,video/mp4
sample-1.mp4,files,video/mp4
sample-1.mp4,files,video/mp4
sample-1.mp4,files,video/mp4
sample-1.mp4,files,video/mp4
sample-1.mp4,files,video/mp4
sample-1.mp4,files,video/mp4
sample-1.mp4,files,video/mp4
sample-1.mp4,files,video/mp4
sample-1.mp4,files,video/mp4
sample-1.mp4,files,video/mp4
sample-1.mp4,files,video/mp4
sample-1.mp4,files,video/mp4
sample-1.mp4,files,video/mp4
sample-1.mp4,files,video/mp4
sample-1.mp4,files,video/mp4
sample-1.mp4,files,video/mp4
sample-1.mp4,files,video/mp4
sample-1.mp4,files,video/mp4
sample-1.mp4,files,video/mp4
sample-1.mp4,files,video/mp4
sample-1.mp4,files,video/mp4
sample-1.mp4,files,video/mp4
sample-1.mp4,files,video/mp4
sample-1.mp4,files,video/mp4
sample-1.mp4,files,video/mp4
sample-1.mp4,files,video/mp4
sample-1.mp4,files,video/mp4
sample-1.mp4,files,video/mp4
sample-1.mp4,files,video/mp4
sample-1.mp4,files,video/mp4
sample-1.mp4,files,video/mp4
sample-1.mp4,files,video/mp4
sample-1.mp4,files,video/mp4
sample-1.mp4,files,video/mp4
sample-1.mp4,files,video/mp4
sample-1.mp4,files,video/mp4
sample-1.mp4,files,video/mp4
sample-1.mp4,files,video/mp4
sample-1.mp4,files,video/mp4
sample-1.mp4,files,video/mp4
sample-1.mp4,files,video/mp4
sample-1.mp4,files,video/mp4
sample-1.mp4,files,video/mp4
sample-1.mp4,files,video/mp4
sample-1.mp4,files,video/mp4
sample-1.mp4,files,video/mp4
sample-1.mp4,files,video/mp4
sample-1.mp4,files,video/mp4
sample-1.mp4,files,video/mp4
sample-1.mp4,files,video/mp4
sample-1.mp4,files,video/mp4
sample-1.mp4,files,video/mp4
sample-1.mp4,files,video/mp4
sample-1.mp4,files,video/mp4
sample-1.mp4,files,video/mp4
sample-1.mp4,files,video/mp4
sample-1.mp4,files,video/mp4
sample-1.mp4,files,video/mp4
sample-1.mp4,files,video/mp4
sample-1.mp4,files,video/mp4
sample-1.mp4,files,video/mp4
sample-1.mp4,files,video/mp4
sample-1.mp4,files,video/mp4
sample-1.mp4,files,video/mp4
sample-1.mp4,files,video/mp4
sample-1.mp4,files,video/mp4
sample-1.mp4,files,video/mp4
sample-1.mp4,files,video/mp4
sample-1.mp4,files,video/mp4
sample-1.mp4,files,video/mp4
sample-1.mp4,files,video/mp4
sample-1.mp4,files,video/mp4
sample-1.mp4,files,video/mp4
sample-1.mp4,files,video/mp4
sample-1.mp4,files,video/mp4
sample-1.mp4,files,video/mp4
sample-1.mp4,files,video/mp4
sample-1.mp4,files,video/mp4
sample-1.mp4,files,video/mp4
sample-1.mp4,files,video/mp4
sample-1.mp4,files,video/mp4
sample-1.mp4,files,video/mp4
sample-1.mp4,files,video/mp4
sample-1.mp4,files,video/mp4
sample-1.mp4,files,video/mp4
sample-1.mp4,files,video/mp4
sample-1.mp4,files,video/mp4
sample-1.mp4,files,video/mp4
sample-1.mp4,files,video/mp4
sample-1.mp4,files,video/mp4
sample-1.mp4,files,video/mp4
sample-1.mp4,files,video/mp4
sample-1.mp4,files,video/mp4
sample-1.mp4,files,video/mp4

